id,tweetText,tweetURL,type,tweetAuthor,handle,replyCount,quoteCount,retweetCount,likeCount,views,bookmarkCount,createdAt,allMediaURL,videoURL
1616222992631205888,From my drafted congressional testimony in December,https://x.com/SBF_FTX/status/1616222992631205888,tweet,SBF,@SBF_FTX,0,56,320,934,767209,11,2023-01-20 05:26:04,,
1616221677825978369,https://t.co/VpfEhaHJF6 https://t.co/c97crYDh0Y,https://x.com/SBF_FTX/status/1616221677825978369,tweet,SBF,@SBF_FTX,1,134,801,1345,1342924,52,2023-01-20 05:20:50,https://pbs.twimg.com/media/Fm34v8caUAAKBLq.jpg,
1616120980669366278,"I'm glad Mr. Ray is finally paying lip service to turning the exchange back on after months of squashing such efforts!

I'm still waiting for him to finally admit FTX US is solvent and give customers their money back...

https://t.co/XjcyYFsoU0

https://t.co/SdvMIMXQ5K",https://x.com/SBF_FTX/status/1616120980669366278,tweet,SBF,@SBF_FTX,2780,330,321,1648,2092048,40,2023-01-19 22:40:42,,
1615575858575724544,"@fed_speak yeah sorry about that I had like 1 hour to throw this one together and it's ugly af

but also it's right",https://x.com/SBF_FTX/status/1615575858575724544,tweet,SBF,@SBF_FTX,475,52,37,506,327455,12,2023-01-18 10:34:35,,
1615556317917368320,"@K_L0X @MetaLawMan honestly you're pointing out one of the most infuriating things about this whole process

if the person with control of the system turns it off and withholds information on it, it's really hard for anyone else to prove anything about it",https://x.com/SBF_FTX/status/1615556317917368320,tweet,SBF,@SBF_FTX,32,7,0,15,19319,1,2023-01-18 09:16:56,,
1615555252962627584,"TL;DR:

1) S&amp;C files, claiming FTX US is insolvent
2) S&amp;C forgot to include bank balances, ~$428m
3) Once you add those back in, you get in the neighborhood of my prior balance sheet (~+$350m)
4) Other slides in the same filing demonstrate (2)",https://x.com/SBF_FTX/status/1615555252962627584,tweet,SBF,@SBF_FTX,0,89,46,291,835165,9,2023-01-18 09:12:42,,
1615530975030837251,"@jconorgrogan @austerity_sucks I think FTX US was always solvent, with segregated assets from FTX International

this wasn't a last-minute musical chairs thing

to be clear if Alameda had excess assets (+ve NAV) on FTX US at the end, *those* would likely go to FTX intl but wouldn't be counted for FTX US anyway",https://x.com/SBF_FTX/status/1615530975030837251,tweet,SBF,@SBF_FTX,30,3,2,6,13964,0,2023-01-18 07:36:14,,
1615530215777914880,@jconorgrogan I'm fairly confident that FTX US's excess cash on hand is much larger than the size of the wrapped asset issue to the extent there is one,https://x.com/SBF_FTX/status/1615530215777914880,tweet,SBF,@SBF_FTX,193,11,11,108,141785,5,2023-01-18 07:33:13,,
1615509341708386307,@spreekaway https://t.co/8fa4tZsMr5,https://x.com/SBF_FTX/status/1615509341708386307,tweet,SBF,@SBF_FTX,103,3,3,32,94463,3,2023-01-18 06:10:16,,
1615509193984999424,@MetaLawMan https://t.co/8fa4tZsMr5,https://x.com/SBF_FTX/status/1615509193984999424,tweet,SBF,@SBF_FTX,47,0,2,22,41178,0,2023-01-18 06:09:41,,
1615507065337958401,"FTX US is solvent, as it always as been.

https://t.co/XjcyYFsoU0 https://t.co/kn9Wm9wxjl",https://x.com/SBF_FTX/status/1615507065337958401,tweet,SBF,@SBF_FTX,1,2200,291,1351,15317261,172,2023-01-18 06:01:13,https://pbs.twimg.com/media/Fmtu0leaYAEcjL7.png,
1614154041021591553,"@TiffanyFong_ sometimes the world needs to see something, you know?",https://x.com/SBF_FTX/status/1614154041021591553,tweet,SBF,@SBF_FTX,571,26,35,375,270146,8,2023-01-14 12:24:47,,
1614088044461842434,"@AFTXcreditor a) they weren't in estate
b) nonetheless my lawyers offered &gt;&gt; 90% of it for customers
c) or 100% if D&amp;O obligations were honored

That being said, this was super clumsily done on our side. https://t.co/tCnlSIxkNp",https://x.com/SBF_FTX/status/1614088044461842434,tweet,SBF,@SBF_FTX,310,9,13,107,180147,5,2023-01-14 08:02:32,https://pbs.twimg.com/media/FmZkNXzacAIMo1p.png,
1614087086877081601,"@AFTXcreditor so I think the actual answer here is the following, roughly, as of ~November 10th:

1) ~$11.5b of assets (some on FTX), ~$3.5b of which were highly liquid
2) ~$1.5b of non-FTX liabilities
3) ~$10b of FTX liabilities

so you can get $8b as (10 - (3.5 - 1.5))

or $11.5b raw",https://x.com/SBF_FTX/status/1614087086877081601,tweet,SBF,@SBF_FTX,32,2,6,14,14979,0,2023-01-14 07:58:44,,
1614085318147452932,@AFTXcreditor @MetaLawMan alas I think reporters have not been particularly interested in stories about FTX customer/creditor recovery or the chapter 11 process,https://x.com/SBF_FTX/status/1614085318147452932,tweet,SBF,@SBF_FTX,38,2,8,23,22284,2,2023-01-14 07:51:42,,
1613671439751872515,@wasscast @itsmadeofcheese @wassielawyer tell me more about Wasscast!,https://x.com/SBF_FTX/status/1613671439751872515,tweet,SBF,@SBF_FTX,29,10,11,34,24616,0,2023-01-13 04:27:06,,
1613542737776906241,"@compound248 Reasonable thread!

And yeah I didn't realize it would ask for contributions, I turned that off just now :P",https://x.com/SBF_FTX/status/1613542737776906241,tweet,SBF,@SBF_FTX,141,14,4,104,150618,2,2023-01-12 19:55:41,,
1613528512413192196,"@QuintenFrancois wait FTX definitely wasn't spending $180m/year on Amazon delivery costs

I think your units are probably off somewhere there?",https://x.com/SBF_FTX/status/1613528512413192196,tweet,SBF,@SBF_FTX,469,57,12,359,2565666,7,2023-01-12 18:59:09,,
1613525392555667458,"@ceostroff @Vlajournaliste heh whoops that was unintentional, good catch--think there shouldn't be a paying option anymore...",https://x.com/SBF_FTX/status/1613525392555667458,tweet,SBF,@SBF_FTX,324,35,12,205,196159,4,2023-01-12 18:46:46,,
1613522399269650434,https://t.co/XVd0BPHxEU,https://x.com/SBF_FTX/status/1613522399269650434,tweet,SBF,@SBF_FTX,0,1089,477,1665,4653919,294,2023-01-12 18:34:52,,
1613328989732601857,"@wassielawyer yup my sense is that is and always has been the best recovery scenario for customers.  I think that them being made substantially whole is a real possibility; I think we were possibly a few weeks away from getting there in November.  (US is solvent, should make everyone whole.)",https://x.com/SBF_FTX/status/1613328989732601857,tweet,SBF,@SBF_FTX,577,73,40,338,320092,12,2023-01-12 05:46:20,,
1611543973411291136,"@friedmandave honestly there was no grand plan for the reply, I wouldn't read too much into it

(sorry, I guess you might have to mute this thread too...)",https://x.com/SBF_FTX/status/1611543973411291136,tweet,SBF,@SBF_FTX,514,35,14,308,418152,8,2023-01-07 07:33:18,,
1611543508225232897,"@CryptoHayes I obviously disagree strongly with many of the specific FTX-related claims here, but:

I largely agree with your higher level point.

It's a variant on something I heard again and again oversees.

I think you might be a bit surprised by my perspective on it.",https://x.com/SBF_FTX/status/1611543508225232897,tweet,SBF,@SBF_FTX,849,59,27,330,509048,25,2023-01-07 07:31:28,,
1611527403263913984,@friedmandave correlation of official marks of private companies can be 0 for a surprisingly long time though :P,https://x.com/SBF_FTX/status/1611527403263913984,tweet,SBF,@SBF_FTX,546,76,23,268,350535,10,2023-01-07 06:27:28,,
1608937536487059458,"I believe it is likely the case that various legit legs of FTX have the ability to access these funds; hopefully that's what's happening here.  If not, hopefully one steps in soon to do so.  I would be happy to help advise regulators on this if any wanted.",https://x.com/SBF_FTX/status/1608937536487059458,tweet,SBF,@SBF_FTX,2023,234,110,927,1261221,30,2022-12-31 02:56:15,,
1608908562851598336,"None of these are me.  I'm not and couldn't be moving any of those funds; I don't have access to them anymore.

https://t.co/5Gkin30Ny5",https://x.com/SBF_FTX/status/1608908562851598336,tweet,SBF,@SBF_FTX,6942,1049,706,3730,7666867,187,2022-12-31 01:01:08,,
1602419187296641024,"@tier10k If this is true then I wasn't a member of that inner circle

(I'm quite sure it's just false; I have never heard of such a group)",https://x.com/SBF_FTX/status/1602419187296641024,tweet,SBF,@SBF_FTX,2155,437,125,1213,-,52,2022-12-13 03:14:40,,
1601192083540578305,"@cz_binance Among other things, as you know, you didn't even have the rights to pull out as an investor unless we chose to buy you out--much of the tokens/equity were still locked.",https://x.com/SBF_FTX/status/1601192083540578305,tweet,SBF,@SBF_FTX,969,78,75,682,-,24,2022-12-09 17:58:36,,
1601191713519079424,"@cz_binance You threatened to walk at the last minute if we didn't kick in an extra ~$75m.

We did it anyway because this just made us feel more confident we didn't want Binance on our cap table.

But again, none of this is necessary.  You won.  Why are you lying about this now?",https://x.com/SBF_FTX/status/1601191713519079424,tweet,SBF,@SBF_FTX,830,137,115,786,-,30,2022-12-09 17:57:07,,
1601191234034274304,"@cz_binance You won, @cz_binance.

There's no need to lie, now, about the buyout.

We initiated conversations around buying you out, and we decided to do it because it was important for our business.

And while I was frustrated with your 'negotiation' tactics, I chose to still do it.",https://x.com/SBF_FTX/status/1601191234034274304,tweet,SBF,@SBF_FTX,1555,432,251,1101,-,79,2022-12-09 17:55:13,,
1601186251876360192,"3) I had thought of myself as a model CEO, who wouldn't become lazy or disconnected.

Which made it that much more destructive when I did.

I'm sorry.  Hopefully people can learn from the difference between who I was and who I could have been.",https://x.com/SBF_FTX/status/1601186251876360192,tweet,SBF,@SBF_FTX,0,646,108,585,-,16,2022-12-09 17:35:25,,
1601186249750245378,"2) I will try to be helpful during the hearing, and to shed what light I can on:

--FTX US's solvency and American customers

--Pathways that could return value to users internationally

--What I think led to the crash

--My own failings",https://x.com/SBF_FTX/status/1601186249750245378,tweet,SBF,@SBF_FTX,1,121,89,519,-,5,2022-12-09 17:35:25,,
1601186246990401537,"1) I still do not have access to much of my data -- professional or personal.  So there is a limit to what I will be able to say, and I won't be as helpful as I'd like.

But as the committee still thinks it would be useful, I am willing to testify on the 13th.",https://x.com/SBF_FTX/status/1601186246990401537,tweet,SBF,@SBF_FTX,1,816,324,1092,-,80,2022-12-09 17:35:24,,
1601129063221202945,@cryptomanran I continue to think that this would be a productive path for parties to explore!  I *hope* that the teams in place will do so.,https://x.com/SBF_FTX/status/1601129063221202945,tweet,SBF,@SBF_FTX,1370,212,77,777,-,18,2022-12-09 13:48:10,,
1601127930356453376,"I made a lot of big mistakes this year.

But this wasn't one of them.  There's no evidence, because it didn't happen.  Please, please, focus on your own house.",https://x.com/SBF_FTX/status/1601127930356453376,tweet,SBF,@SBF_FTX,0,373,218,780,-,42,2022-12-09 13:43:40,,
1599511560384225281,"Rep. Waters, and the House Committee on Financial Services:

Once I have finished learning and reviewing what happened, I would feel like it was my duty to appear before the committee and explain.

I'm not sure that will happen by the 13th.  But when it does, I will testify.",https://x.com/SBF_FTX/status/1599511560384225281,tweet,SBF,@SBF_FTX,0,2034,452,1542,-,123,2022-12-05 02:40:48,,
1598509177386696704,@AltcoinPsycho if those controlling it wanted to continue processing ACH withdrawals then I would expect that would likely be true,https://x.com/SBF_FTX/status/1598509177386696704,tweet,SBF,@SBF_FTX,203,8,7,112,-,2,2022-12-02 08:17:41,,
1598507551376670721,"@AltcoinDailyio yea the picture going around was a joke, I'm still vegan",https://x.com/SBF_FTX/status/1598507551376670721,tweet,SBF,@SBF_FTX,1600,125,78,1244,-,13,2022-12-02 08:11:13,,
1598343921674993666,"Expanding on DealBook:

When I filed, I'm fairly sure FTX US was solvent, and that all US customers could be made whole.

To my knowledge, it still is today.

I was expecting that to happen.  I'm surprised it hasn't.  I'm not sure why US withdrawals were turned off.",https://x.com/SBF_FTX/status/1598343921674993666,tweet,SBF,@SBF_FTX,7910,886,616,4199,-,161,2022-12-01 21:21:01,,
1598157465878958081,"@fintechfrank agreed, we should do one",https://x.com/SBF_FTX/status/1598157465878958081,tweet,SBF,@SBF_FTX,370,23,53,1176,-,11,2022-12-01 09:00:06,,
1598157207149096960,@dadadadaffy FTX US custodied its own assets.,https://x.com/SBF_FTX/status/1598157207149096960,tweet,SBF,@SBF_FTX,64,3,5,44,-,2,2022-12-01 08:59:05,,
1598155505096364033,"@dadadadaffy https://t.co/X1OzE3K9S8

~$53m in FTX US solBTC it looks like, so I don't think that should break it.  (I say this without knowing, right now, whether there even is an issue with solBTC to begin with.)",https://x.com/SBF_FTX/status/1598155505096364033,tweet,SBF,@SBF_FTX,58,1,5,69,-,3,2022-12-01 08:52:19,,
1598153946958532610,"@fintechfrank I believe it is true of the full FTX US exchange, not just LedgerX.

At the very least it was true prior to filing, to the best of my knowledge, and I was fully expecting withdrawals to remain open.",https://x.com/SBF_FTX/status/1598153946958532610,tweet,SBF,@SBF_FTX,81,4,11,49,-,2,2022-12-01 08:46:07,,
1598153642720505856,"@BillAckman @SBF I deeply appreciate that.

I messed up.  I'm going to do everything I can to make it right--even though I knew it might never be enough.",https://x.com/SBF_FTX/status/1598153642720505856,tweet,SBF,@SBF_FTX,3433,494,167,1923,-,93,2022-12-01 08:44:55,,
1595512579417378837,I’ll be speaking with @andrewrsorkin at the @dealbook summit next Wednesday (11/30).,https://x.com/SBF_FTX/status/1595512579417378837,tweet,SBF,@SBF_FTX,224,5792,1164,4935,-,405,2022-11-24 01:50:16,,
1593014949487730688,"32) Anyway -- none of that matters now.

What matters is doing the best I can.

And doing everything I can for FTX's customers.",https://x.com/SBF_FTX/status/1593014949487730688,tweet,SBF,@SBF_FTX,6883,503,213,1819,-,68,2022-11-17 04:25:35,,
1593014947394785281,"31) And in the future, I'm going to care less about the dumb, contentless, ""good actor"" framework.

What matters is what you do--is *actually* doing good or bad, not just *talking* about doing good or *using ESG language*.",https://x.com/SBF_FTX/status/1593014947394785281,tweet,SBF,@SBF_FTX,1321,310,132,1126,-,67,2022-11-17 04:25:34,,
1593014945343766529,30) (Some of what I said was thoughtless or overly strong--I was venting and not intending that to be public.  I guess at this point what I write leaks anyway.),https://x.com/SBF_FTX/status/1593014945343766529,tweet,SBF,@SBF_FTX,480,34,64,611,-,8,2022-11-17 04:25:34,,
1593014943255003137,"29) Which means that interacting with regulatory structures can be really frustrating: a *huge* amount of work--much of it arbitrary--and relatively little customer protection.

Fuck that.  You all deserve frameworks that let regulators protect customers while allowing freedom.",https://x.com/SBF_FTX/status/1593014943255003137,tweet,SBF,@SBF_FTX,453,125,67,618,-,10,2022-11-17 04:25:33,,
1593014941220757507,"28) Even so, there are regulators who have deeply impressed me with their knowledge and thoughtfulness.  The CFTC has; the SCB, and VARA, too.  And others, scattered.

But most are overwhelmed.",https://x.com/SBF_FTX/status/1593014941220757507,tweet,SBF,@SBF_FTX,246,51,46,500,-,18,2022-11-17 04:25:33,,
1593014939085549568,"27) A few thoughts:

a) It's *really* hard to be a regulator.  They have an impossible job: to regulate entire industries that grow faster than their mandate allows them to.

And so often they end up mostly unable to police as well as they ideally would.",https://x.com/SBF_FTX/status/1593014939085549568,tweet,SBF,@SBF_FTX,288,114,58,577,-,14,2022-11-17 04:25:32,,
1593014936795422721,"26) Well, that gives some color, I guess.

It sucks.  I'm really sorry that things ended up as they did.  And as I said--I'm going to do everything I can to make it more right.",https://x.com/SBF_FTX/status/1593014936795422721,tweet,SBF,@SBF_FTX,337,55,47,581,-,5,2022-11-17 04:25:32,,
1593014934207881218,"25) Last night I talked to a friend of mine.

They published my messages.  Those were not intended to be public, but I guess they are now. https://t.co/yH9aKmESY8",https://x.com/SBF_FTX/status/1593014934207881218,tweet,SBF,@SBF_FTX,487,355,91,722,-,78,2022-11-17 04:25:31,https://pbs.twimg.com/media/FhuE6a_XwAYEtyE.png,
1592958070782857216,24) Shrapnel,https://x.com/SBF_FTX/status/1592958070782857216,tweet,SBF,@SBF_FTX,1866,164,88,812,-,13,2022-11-17 00:39:34,,
1592958068907806722,"23) Roughly 25% of customer assets were withdrawn each day--$4b.

As it turned out, I was wrong: leverage wasn't ~$5b, it was ~$13b.

$13b leverage, total run on the bank, total collapse in asset value, all at once.

Which is why you don't want that leverage.

---",https://x.com/SBF_FTX/status/1592958068907806722,tweet,SBF,@SBF_FTX,1106,418,155,1130,-,37,2022-11-17 00:39:34,,
1592958067187929089,"22) And that risk was correlated--with the other collateral, and with the platform.

And then the crash came.

In a few day period, there was a historic crash--over 50% in most correlated assets, with no bid side liquidity.

And at the same time there was a run on the bank.",https://x.com/SBF_FTX/status/1592958067187929089,tweet,SBF,@SBF_FTX,369,88,71,634,-,15,2022-11-17 00:39:33,,
1592958065212502016,"21) And problems were brewing.  Larger than I realized.

[AGAIN THESE NUMBERS ARE APPROXIMATE, TO THE BEST OF MY KNOWLEDGE, ETC.]

Leverage built up-- ~$5b of leverage, backed by ~$20b of assets which were....

Well, they had value.  FTT had value, in EV!  But they had risk.",https://x.com/SBF_FTX/status/1592958065212502016,tweet,SBF,@SBF_FTX,331,111,62,607,-,15,2022-11-17 00:39:33,,
1592958063362789378,"20) I was on the cover of every magazine, and FTX was the darling of Silicon Valley.

We got overconfident and careless.",https://x.com/SBF_FTX/status/1592958063362789378,tweet,SBF,@SBF_FTX,510,238,136,882,-,27,2022-11-17 00:39:32,,
1592958061341474817,"19) Once upon a time--a month ago--FTX was a valuable enterprise.

FTX had ~$10-15b of daily volume, and roughly $1b of annual revenue.  $40b of equity value.

And we were held as paragons of running an effective company.",https://x.com/SBF_FTX/status/1592958061341474817,tweet,SBF,@SBF_FTX,432,115,83,692,-,20,2022-11-17 00:39:32,,
1592768342582259725,18) Truth and Beauty,https://x.com/SBF_FTX/status/1592768342582259725,tweet,SBF,@SBF_FTX,2901,464,191,1334,-,39,2022-11-16 12:05:39,,
1592739393533792258,"17) I know you've all seen this, but here's where things stand today, roughly speaking.  [LOTS OF CAVEATS, ETC.]

Liquid: -$8b
Semi: +$5.5b
Illiquid: +$3.5b

And yeah, maybe that $9b illiquid M2M isn't worth $9b (+$1b net).

OTOH--a month ago it was worth $18b; +$10b net.

---",https://x.com/SBF_FTX/status/1592739393533792258,tweet,SBF,@SBF_FTX,2010,377,246,1795,-,63,2022-11-16 10:10:37,,
1592711597004234752,"16) Maybe I'll fail.  Maybe I won't get anything more for customers than what's already there.

I've certainly failed before.  You all know that now, all too well.

But all I can do is to try.  I've failed enough for the month.

And part of me thinks I might get somewhere.",https://x.com/SBF_FTX/status/1592711597004234752,tweet,SBF,@SBF_FTX,4018,732,282,2615,-,89,2022-11-16 08:20:10,,
1592710177152995328,"15) A few weeks ago, FTX was handling ~$10b/day of volume and billions of transfers.

But there was too much leverage--more than I realized.  A run on the bank and market crash exhausted liquidity.

So what can I try to do?  Raise liquidity, make customers whole, and restart.",https://x.com/SBF_FTX/status/1592710177152995328,tweet,SBF,@SBF_FTX,1889,740,245,1896,-,61,2022-11-16 08:14:32,,
1592611893449220097,"14) My goal:

a) Clean up and focus on transparency
b) Make customers whole",https://x.com/SBF_FTX/status/1592611893449220097,tweet,SBF,@SBF_FTX,2929,394,212,2122,-,31,2022-11-16 01:43:59,,
1592604699693580289,"13) My goal—my one goal—is to do right by customers.

I’m contributing what I can to doing so.  I’m meeting in-person with regulators and working with the teams to do what we can for customers.

And after that, investors.  But first, customers.",https://x.com/SBF_FTX/status/1592604699693580289,tweet,SBF,@SBF_FTX,2751,643,273,2498,-,40,2022-11-16 01:15:24,,
1592567502911205377,"12) To the best of my knowledge, as of post-11/7, with the potential for errors:

a) Alameda had more assets than liabilities M2M (but not liquid!)
b) Alameda had margin position on FTX Intl
c) FTX US had enough to repay all customers

Not everyone necessarily agrees with this",https://x.com/SBF_FTX/status/1592567502911205377,tweet,SBF,@SBF_FTX,3273,893,385,2388,-,132,2022-11-15 22:47:35,,
1592494814599479297,"11) I'll get to what happened.  But for now, let's talk about where we are today.",https://x.com/SBF_FTX/status/1592494814599479297,tweet,SBF,@SBF_FTX,3967,696,353,2501,-,72,2022-11-15 17:58:45,,
1592389472074682369,"10) [NOT LEGAL ADVICE.  NOT FINANCIAL ADVICE.  THIS IS ALL AS I REMEMBER IT, BUT MY MEMORY MIGHT BE FAULTY IN PARTS.]",https://x.com/SBF_FTX/status/1592389472074682369,tweet,SBF,@SBF_FTX,4808,1233,548,3297,-,129,2022-11-15 11:00:09,,
1592389268151754753,9) D,https://x.com/SBF_FTX/status/1592389268151754753,tweet,SBF,@SBF_FTX,632,51,104,1211,-,7,2022-11-15 10:59:21,,
1592389247289331713,8) E,https://x.com/SBF_FTX/status/1592389247289331713,tweet,SBF,@SBF_FTX,261,9,77,935,-,5,2022-11-15 10:59:16,,
1592275869825134593,7) N,https://x.com/SBF_FTX/status/1592275869825134593,tweet,SBF,@SBF_FTX,2508,381,239,2166,-,18,2022-11-15 03:28:45,,
1592225483294638080,6) E,https://x.com/SBF_FTX/status/1592225483294638080,tweet,SBF,@SBF_FTX,2668,345,173,2341,-,13,2022-11-15 00:08:31,,
1592222190992494592,5) P,https://x.com/SBF_FTX/status/1592222190992494592,tweet,SBF,@SBF_FTX,1175,133,165,2056,-,10,2022-11-14 23:55:27,,
1592214726708453376,4) P,https://x.com/SBF_FTX/status/1592214726708453376,tweet,SBF,@SBF_FTX,1748,322,209,2387,-,12,2022-11-14 23:25:47,,
1592193149551935489,3) A,https://x.com/SBF_FTX/status/1592193149551935489,tweet,SBF,@SBF_FTX,4028,801,427,3727,-,23,2022-11-14 22:00:03,,
1592001631079497728,2) H,https://x.com/SBF_FTX/status/1592001631079497728,tweet,SBF,@SBF_FTX,5641,1246,991,7470,-,74,2022-11-14 09:19:01,,
1591989554881658880,1) What,https://x.com/SBF_FTX/status/1591989554881658880,tweet,SBF,@SBF_FTX,21410,6886,7147,36776,-,1861,2022-11-14 08:31:02,,
1591089330323611648,"5) I'm piecing together all of the details, but I was shocked to see things unravel the way they did earlier this week.

I will, soon, write up a more complete post on the play by play, but I want to make sure that I get it right when I do.",https://x.com/SBF_FTX/status/1591089330323611648,tweet,SBF,@SBF_FTX,2502,476,250,2973,-,40,2022-11-11 20:53:52,,
1591089327475683328,4) I'm going to work on giving clarity on where things are in terms of user recovery ASAP.,https://x.com/SBF_FTX/status/1591089327475683328,tweet,SBF,@SBF_FTX,694,111,182,2357,-,17,2022-11-11 20:53:51,,
1591089324006977536,"3) This doesn't necessarily have to mean the end for the companies or their ability to provide value and funds to their customers chiefly, and can be consistent with other routes.

Ultimately I'm optimistic that Mr. Ray and others can help provide whatever is best.",https://x.com/SBF_FTX/status/1591089324006977536,tweet,SBF,@SBF_FTX,291,93,120,1566,-,13,2022-11-11 20:53:50,,
1591089320290816000,"2) I'm really sorry, again, that we ended up here.

Hopefully things can find a way to recover.  Hopefully this can bring some amount of transparency, trust, and governance to them.

Ultimately hopefully it can be better for customers.",https://x.com/SBF_FTX/status/1591089320290816000,tweet,SBF,@SBF_FTX,1316,574,194,2339,-,42,2022-11-11 20:53:49,,
1591089317300293636,"1) Hi all:

Today, I filed FTX, FTX US, and Alameda for voluntary Chapter 11 proceedings in the US.",https://x.com/SBF_FTX/status/1591089317300293636,tweet,SBF,@SBF_FTX,11235,3193,4574,20700,-,1094,2022-11-11 20:53:48,,
1590775312887185408,"@BillAckman @FTX_Official I deeply appreciate this.  I'm going to keep fighting, as best I can, for users.",https://x.com/SBF_FTX/status/1590775312887185408,tweet,SBF,@SBF_FTX,314,55,17,238,-,4,2022-11-11 00:06:04,,
1590774827467812865,"We hope this is just step one: beginning to find ways to bring liquidity to users.

That is the core thing that I am fighting for right now, and will continue to fight for in whatever ways I can.",https://x.com/SBF_FTX/status/1590774827467812865,tweet,SBF,@SBF_FTX,3466,356,694,5265,-,112,2022-11-11 00:04:08,,
1590709200665333762,"22) And, finally:

I sincerely apologize.

We'll keep sharing updates as we have them.",https://x.com/SBF_FTX/status/1590709200665333762,tweet,SBF,@SBF_FTX,2732,317,408,5082,-,90,2022-11-10 19:43:22,,
1590709199067295749,"21) NOT ADVICE, OF ANY KIND, IN ANY WAY

I WAS NOT VERY CAREFUL WITH MY WORDS HERE, AND DO NOT MEAN ANY OF THEM IN A TECHNICAL OR LEGAL SENSE; I MAY WELL HAVE NOT DESCRIBED THINGS RIGHT though I'm trying to be transparent.  I'M NOT A GOOD DEV AND PROBABLY MISDESCRIBED SOMETHING.",https://x.com/SBF_FTX/status/1590709199067295749,tweet,SBF,@SBF_FTX,838,637,309,3029,-,90,2022-11-10 19:43:21,,
1590709197502812160,"20) At some point I might have more to say about a particular sparring partner, so to speak.

But you know, glass houses.  So for now, all I'll say is:

well played; you won.",https://x.com/SBF_FTX/status/1590709197502812160,tweet,SBF,@SBF_FTX,1524,1870,1314,7457,-,268,2022-11-10 19:43:21,,
1590709195892195329,"19) A few other assorted comments:

This was about FTX International.  FTX US, the US based exchange that accepts Americans, was not financially impacted by this shitshow.

It's 100% liquid.  Every user could fully withdraw (modulo gas fees etc).

Updates on its future coming.",https://x.com/SBF_FTX/status/1590709195892195329,tweet,SBF,@SBF_FTX,422,400,292,2478,-,48,2022-11-10 19:43:20,,
1590709194390659073,18) But all of that isn't what matters right now--what matters right now is trying to do right by customers.  That's it.,https://x.com/SBF_FTX/status/1590709194390659073,tweet,SBF,@SBF_FTX,160,11,110,1735,-,3,2022-11-10 19:43:20,,
1590709192796827649,"17) All of the stakeholders would have a hard look at FTX governance.  I will not be around if I'm not wanted.

All of the stakeholders--investors, regulators, users--would have a large part to play in how it would be run.

Solely trust.",https://x.com/SBF_FTX/status/1590709192796827649,tweet,SBF,@SBF_FTX,141,51,116,1652,-,13,2022-11-10 19:43:20,,
1590709191039414274,"16) Second, in any scenario in which FTX continues operating, its first priority will be radical transparency--transparency it probably always should have been giving.

Giving as close to on-chain transparency as it can: so that people know  *exactly* what is happening on it.",https://x.com/SBF_FTX/status/1590709191039414274,tweet,SBF,@SBF_FTX,218,109,165,2010,-,19,2022-11-10 19:43:19,,
1590709189370081280,"15) First, one way or another, Alameda Research is winding down trading.

They aren't doing any of the weird things that I see on Twitter--and nothing large at all.  And one way or another, soon they won't be trading on FTX anymore.",https://x.com/SBF_FTX/status/1590709189370081280,tweet,SBF,@SBF_FTX,515,204,357,3460,-,46,2022-11-10 19:43:19,,
1590709187780440065,"14) So, what does this mean going forward?

I'm not sure--that depends on what happens over the next week.

But here are some things I know.",https://x.com/SBF_FTX/status/1590709187780440065,tweet,SBF,@SBF_FTX,134,38,158,2201,-,6,2022-11-10 19:43:18,,
1590709186148847622,"13) Because at the end of the day, I was CEO, which means that *I* was responsible for making sure that things went well.  *I*, ultimately, should have been on top of everything.

I clearly failed in that.  I'm sorry.",https://x.com/SBF_FTX/status/1590709186148847622,tweet,SBF,@SBF_FTX,192,95,278,3704,-,31,2022-11-10 19:43:18,,
1590709184416604163,"12) Every penny of that--and of the existing collateral--will go straight to users, unless or until we've done right by them.

After that, investors--old and new--and employees who have fought for what's right for their career, and who weren't responsible for any of the fuck ups.",https://x.com/SBF_FTX/status/1590709184416604163,tweet,SBF,@SBF_FTX,113,53,187,2640,-,11,2022-11-10 19:43:18,,
1590709182684360705,"11) There are a number of players who we are in talks with, LOIs, term sheets, etc.

We'll see how that ends up.",https://x.com/SBF_FTX/status/1590709182684360705,tweet,SBF,@SBF_FTX,83,26,167,2300,-,7,2022-11-10 19:43:17,,
1590709181077934081,"10) So, right now, we're spending the week doing everything we can to raise liquidity.

I can't make any promises about that.  But I'm going to try.  And give anything I have to if that will make it work.",https://x.com/SBF_FTX/status/1590709181077934081,tweet,SBF,@SBF_FTX,158,128,218,2975,-,16,2022-11-10 19:43:17,,
1590709179425394689,"9) Anyway: right now, my #1 priority--by far--is doing right by users.

And I'm going to do everything I can to do that.  To take responsibility, and do what I can.",https://x.com/SBF_FTX/status/1590709179425394689,tweet,SBF,@SBF_FTX,160,75,226,3302,-,13,2022-11-10 19:43:16,,
1590709177894440960,"8) And so we are where we are.  Which sucks, and that's on me.

I'm sorry.",https://x.com/SBF_FTX/status/1590709177894440960,tweet,SBF,@SBF_FTX,143,123,195,2736,-,5,2022-11-10 19:43:16,,
1590709176166420481,"7) And so I was off twice.

Which tells me a lot of things, both specifically and generally, that I was shit at.

And a third time, in not communicating enough.  I should have said more.  I'm sorry--I was slammed with things to do and didn't give updates to you all.",https://x.com/SBF_FTX/status/1590709176166420481,tweet,SBF,@SBF_FTX,103,65,170,2550,-,14,2022-11-10 19:43:16,,
1590709174572572675,"6) My sense before:

Leverage: 0x
USD liquidity ready to deliver: 24x average daily withdrawals

Actual:

Leverage: 1.7x
Liquidity: 0.8x Sunday's withdrawals

Because, of course, when it rains, it pours.  We saw roughly $5b of withdrawals on Sunday--the largest by a huge margin.",https://x.com/SBF_FTX/status/1590709174572572675,tweet,SBF,@SBF_FTX,245,526,323,3417,-,89,2022-11-10 19:43:15,,
1590709172936798208,"5) The full story here is one I'm still fleshing out every detail of, but as a very high level, I fucked up twice.

The first time, a poor internal labeling of bank-related accounts meant that I was substantially off on my sense of users' margin.  I thought it was way lower.",https://x.com/SBF_FTX/status/1590709172936798208,tweet,SBF,@SBF_FTX,234,442,240,3036,-,71,2022-11-10 19:43:15,,
1590709171338776577,"4) FTX International currently has a total market value of assets/collateral higher than client deposits (moves with prices!).

But that's different from liquidity for delivery--as you can tell from the state of withdrawals.  The liquidity varies widely, from very to very little.",https://x.com/SBF_FTX/status/1590709171338776577,tweet,SBF,@SBF_FTX,160,300,267,3187,-,34,2022-11-10 19:43:15,,
1590709169757491202,"3) So here's an update on where things are.

[THIS IS ALL ABOUT FTX INTERNATIONAL, THE NON-US EXCHANGE.  FTX US USERS ARE FINE!]

[TREAT ALL OF THESE NUMBERS AS ROUGH.  THERE ARE APPROXIMATIONS HERE.]",https://x.com/SBF_FTX/status/1590709169757491202,tweet,SBF,@SBF_FTX,243,260,300,3404,-,34,2022-11-10 19:43:14,,
1590709168130101248,"2) I also should have been communicating more very recently.

Transparently--my hands were tied during the duration of the possible Binance deal; I wasn't particularly allowed to say much publicly.  But of course it's on me that we ended up there in the first place.",https://x.com/SBF_FTX/status/1590709168130101248,tweet,SBF,@SBF_FTX,202,50,281,4383,-,33,2022-11-10 19:43:14,,
1590709166515310593,"1) I'm sorry.  That's the biggest thing.

I fucked up, and should have done better.",https://x.com/SBF_FTX/status/1590709166515310593,tweet,SBF,@SBF_FTX,10603,7049,12439,53517,-,4049,2022-11-10 19:43:13,,
1590012133307478016,"6) (Note that https://t.co/fCrWGQ4y7w and https://t.co/Ju8CkfrLYH–two separate companies–are not currently impacted by this.  https://t.co/fCrWGQ4y7w’s withdrawals are and have been live, is fully backed 1:1, and operating normally.)",https://x.com/SBF_FTX/status/1590012133307478016,tweet,SBF,@SBF_FTX,750,174,426,3995,-,53,2022-11-08 21:33:28,,
1590012131491336192,"5) I know that there have been rumors in media of conflict between our two exchanges, however Binance has shown time and again that they are committed to a more decentralized global economy while working to improve industry relations with regulators. We are in the best of hands.",https://x.com/SBF_FTX/status/1590012131491336192,tweet,SBF,@SBF_FTX,1209,138,391,5302,-,16,2022-11-08 21:33:27,,
1590012129876512769,"4) A *huge* thank you to CZ, Binance, and all of our supporters. This is a user-centric development that benefits the entire industry. CZ has done, and will continue to do, an incredible job of building out the global crypto ecosystem, and creating a freer economic world.",https://x.com/SBF_FTX/status/1590012129876512769,tweet,SBF,@SBF_FTX,1149,539,637,6961,-,38,2022-11-08 21:33:27,,
1590012128307875840,3) But the important thing is that customers are protected.,https://x.com/SBF_FTX/status/1590012128307875840,tweet,SBF,@SBF_FTX,179,98,253,4058,-,6,2022-11-08 21:33:27,,
1590012126701441025,2) Our teams are working on clearing out the withdrawal backlog as is. This will clear out liquidity crunches; all assets will be covered 1:1. This is one of the main reasons we’ve asked Binance to come in. It may take a bit to settle etc. -- we apologize for that.,https://x.com/SBF_FTX/status/1590012126701441025,tweet,SBF,@SBF_FTX,261,156,325,4423,-,29,2022-11-08 21:33:26,,
1590012124864348160,"1) Hey all: I have a few announcements to make.

Things have come full circle, and https://t.co/DWPOotRHcX’s first, and last, investors are the same: we have come to an agreement on a strategic transaction with Binance for https://t.co/DWPOotRHcX (pending DD etc.).",https://x.com/SBF_FTX/status/1590012124864348160,tweet,SBF,@SBF_FTX,6797,4852,7774,24346,-,963,2022-11-08 21:33:26,,
1589600918278135808,@udiWertheimer @cz_binance I'm in; let's do it!,https://x.com/SBF_FTX/status/1589600918278135808,tweet,SBF,@SBF_FTX,29,28,23,722,-,3,2022-11-07 18:19:26,,
1589513950575878144,@TheCoolRas @UpOnlyTV I'd be happy to go on @UpOnlyTV!,https://x.com/SBF_FTX/status/1589513950575878144,tweet,SBF,@SBF_FTX,93,32,44,1485,-,0,2022-11-07 12:33:52,,
1589401326156656642,"@ByzGeneral I mean that's up to her to answer but they said they were worried about impact which this would solve for them, and this is just quicker and easier

but if they want to TWAP sell over a few months that's cool too",https://x.com/SBF_FTX/status/1589401326156656642,tweet,SBF,@SBF_FTX,82,9,18,546,-,2,2022-11-07 05:06:20,,
1589399431027527680,"5) As always -- a huge thank you to our supporters.

And to everyone else, as well, as long as they keep building and keep moving the industry forward.

We'll keep building too.",https://x.com/SBF_FTX/status/1589399431027527680,tweet,SBF,@SBF_FTX,268,28,64,1848,-,2,2022-11-07 04:58:48,,
1589399428716449792,"4) And in the end you should do what you want, and trade where you want.  We're grateful to those who stay; and when this blows over we'll welcome everyone else back.",https://x.com/SBF_FTX/status/1589399428716449792,tweet,SBF,@SBF_FTX,137,46,83,1684,-,4,2022-11-07 04:58:48,,
1589399424983502848,"3)  We've already processed billions of dollars of deposits/withdrawals today; we'll keep going.  (Taking up anti-spam checks to process more--sorry if you got those.  We're hitting node rate capacity, will keep going.)  Also tons of USD &lt;&gt; stablecoin conversions going on.",https://x.com/SBF_FTX/status/1589399424983502848,tweet,SBF,@SBF_FTX,39,52,38,798,-,5,2022-11-07 04:58:47,,
1589399422555033600,"2) A bunch of unfounded rumors have been circulating.  You can see https://t.co/EBmqPhqCBl.

FTX keeps audited financials etc.  And, though it slows us down sometimes on product, we're highly regulated.",https://x.com/SBF_FTX/status/1589399422555033600,tweet,SBF,@SBF_FTX,63,43,53,794,-,13,2022-11-07 04:58:46,,
1589399420487208960,"1) A huge thank you to everyone who has supported us--we're excited to keep climbing together.

And especially to those who stay level headed during crazy times.  We deeply appreciate it.",https://x.com/SBF_FTX/status/1589399420487208960,tweet,SBF,@SBF_FTX,1113,289,647,5338,-,113,2022-11-07 04:58:46,,
1589317003507994624,@miked_14 @cz_binance whoops true dat,https://x.com/SBF_FTX/status/1589317003507994624,tweet,SBF,@SBF_FTX,11,0,2,56,-,0,2022-11-06 23:31:16,,
1589315213421334529,@basedkarbon ikr?,https://x.com/SBF_FTX/status/1589315213421334529,tweet,SBF,@SBF_FTX,23,1,2,214,-,1,2022-11-06 23:24:09,,
1589314909233647616,@mjpldn heh yeah working on it,https://x.com/SBF_FTX/status/1589314909233647616,tweet,SBF,@SBF_FTX,11,1,2,76,-,0,2022-11-06 23:22:57,,
1589314321792008193,"5) Because I respect the hell out of what y'all have done to build the industry as we see it today, whether or not they reciprocate, and whether or not we use the same methods.

Including CZ.

Anyway -- as always -- it's time to build.

Make love (and blockchain), not war.",https://x.com/SBF_FTX/status/1589314321792008193,tweet,SBF,@SBF_FTX,480,119,167,1961,-,13,2022-11-06 23:20:37,,
1589314320005230592,"4) Anyway I was going to write a different thread, but I took a deep breath and reminded myself of something we'd all do well to remember:

that we're all in this together, and I wish the best to *everyone* driving the industry forward.",https://x.com/SBF_FTX/status/1589314320005230592,tweet,SBF,@SBF_FTX,127,41,53,1003,-,6,2022-11-06 23:20:36,,
1589314318226817026,"3) It works domestically and internationally.  It works with relatives and with employees.

Because that's how blockchain works:

it just works.",https://x.com/SBF_FTX/status/1589314318226817026,tweet,SBF,@SBF_FTX,26,5,11,483,-,2,2022-11-06 23:20:36,,
1589314316528156672,"2) Seriously SEND is awesome.

It's the omni box for money (soon we'll merge blockchain into the same box!)

Right now, sending money internationally is a pain in the ass.  People are paying 10's of percent's, waiting weeks, and hoping that it lands.

Crypto can do better.",https://x.com/SBF_FTX/status/1589314316528156672,tweet,SBF,@SBF_FTX,40,6,16,539,-,4,2022-11-06 23:20:35,,
1589314314191523840,"1) Posting about what everything wants to know more about:

SEND! https://t.co/yprL7EHCWS",https://x.com/SBF_FTX/status/1589314314191523840,tweet,SBF,@SBF_FTX,540,171,213,2020,-,93,2022-11-06 23:20:35,https://pbs.twimg.com/media/Fg5fYLuWIAEdlea.png,
1589276875708588032,"@prestige_nfts Mondays!

https://t.co/R8zegY2CyC",https://x.com/SBF_FTX/status/1589276875708588032,tweet,SBF,@SBF_FTX,20,1,1,51,-,0,2022-11-06 20:51:49,,
1589276454818570241,"BTW -- Quant Zone is way faster now!

And, they're sharable.

https://t.co/vhIDkCuNOk https://t.co/DMZz2n17DO",https://x.com/SBF_FTX/status/1589276454818570241,tweet,SBF,@SBF_FTX,160,5,36,546,-,17,2022-11-06 20:50:08,https://pbs.twimg.com/media/Fg4-cWpWYAA8vx_.png,
1589274913034342400,@ChadMeyer_ @SatoshiFlipper &lt;3,https://x.com/SBF_FTX/status/1589274913034342400,tweet,SBF,@SBF_FTX,10,0,0,11,-,0,2022-11-06 20:44:01,,
1589274353585520642,"@ChadMeyer_ @SatoshiFlipper idk -- I'd love to find a way to do it!  I'm seeing what we can do, but really no promises there.  (NOT INVESTMENT ADVICE, NOT LEGAL ADVICE)",https://x.com/SBF_FTX/status/1589274353585520642,tweet,SBF,@SBF_FTX,4,0,0,7,-,0,2022-11-06 20:41:47,,
1589272767740121090,"@SatoshiFlipper well timed

[NOT FINANCIAL ADVICE]",https://x.com/SBF_FTX/status/1589272767740121090,tweet,SBF,@SBF_FTX,108,70,48,674,-,3,2022-11-06 20:35:29,,
1589035234347343873,@SOLanaBets07 oh yeah I'm totes happy to pay $8 for it tbh I'm confused why people are making such a big deal of the change,https://x.com/SBF_FTX/status/1589035234347343873,tweet,SBF,@SBF_FTX,13,2,1,31,-,1,2022-11-06 04:51:37,,
1589035067216605184,@AutismCapital ok,https://x.com/SBF_FTX/status/1589035067216605184,tweet,SBF,@SBF_FTX,15,0,1,109,-,1,2022-11-06 04:50:57,,
1589034570275782658,"BTW on the blue check marks:

so far the discourse has centered around them as vanity, but remember that for people in finance, they help weed out scammers posing as someone else

also this post is gonna get a lot of scammer spam isn't it",https://x.com/SBF_FTX/status/1589034570275782658,tweet,SBF,@SBF_FTX,415,108,70,1480,-,19,2022-11-06 04:48:59,,
1589004664359440385,@koreanjewcrypto https://t.co/ZeuKjzP36Y,https://x.com/SBF_FTX/status/1589004664359440385,tweet,SBF,@SBF_FTX,14,2,6,75,-,2,2022-11-06 02:50:08,https://pbs.twimg.com/media/Fg1HTl3XwAAAVph.png,
1588991578940780544,"@keaton @GreenPartyUS re: green party --

would love to see approval voting; then it's fine to vote 3rd party without giving up your influence on D vs R!",https://x.com/SBF_FTX/status/1588991578940780544,tweet,SBF,@SBF_FTX,6,0,2,29,-,0,2022-11-06 01:58:09,,
1588968221281222656,"@gavinmclelland FWIW I think that the much bigger worry is dual-use research

some if it is *wildly* dangerous",https://x.com/SBF_FTX/status/1588968221281222656,tweet,SBF,@SBF_FTX,7,1,2,13,-,0,2022-11-06 00:25:20,,
1588965169324904448,"5) (As an aside: when I talk about pandemic prevention, I really do mean *prevention*.

We should be working to stop the next pandemic *before* it happens, not imposing restrictive mandates for this one.)",https://x.com/SBF_FTX/status/1588965169324904448,tweet,SBF,@SBF_FTX,63,11,11,295,-,0,2022-11-06 00:13:12,,
1588965167827935232,4) Excited to see what happens on Tuesday!,https://x.com/SBF_FTX/status/1588965167827935232,tweet,SBF,@SBF_FTX,263,529,658,2033,-,41,2022-11-06 00:13:12,,
1588965166431232000,"3) If you want to contribute crypto, reach out to your elected officials and ask if they accept it; FTX is happy to sign them up!",https://x.com/SBF_FTX/status/1588965166431232000,tweet,SBF,@SBF_FTX,14,5,7,104,-,0,2022-11-06 00:13:11,,
1588965164921282561,"2) As part of this, @rsalame7926 and I signed up campaigns to accept crypto; and gave some, including millions to Senate &amp; House Republicans.",https://x.com/SBF_FTX/status/1588965164921282561,tweet,SBF,@SBF_FTX,16,29,15,112,-,10,2022-11-06 00:13:11,,
1588965163323265025,"1) I was a significant donor in both D and R primaries.

Supporting constructive candidates across the aisle to prevent pandemics and bring a bipartisan climate to DC.

And working with them to support permissionless finance.",https://x.com/SBF_FTX/status/1588965163323265025,tweet,SBF,@SBF_FTX,257,115,74,859,-,49,2022-11-06 00:13:11,,
1588962103557517313,"@pengyong321 just checked to make sure -- I can confirm that FTX is not a candidate in the midterm elections

our legal team informed us that companies are not permitted to run, and also that FTX is not the requisite 25 years old to run for congress anyway",https://x.com/SBF_FTX/status/1588962103557517313,tweet,SBF,@SBF_FTX,34,3,3,197,-,0,2022-11-06 00:01:01,,
1588847531173478401,"@sasuke___420 innovation, that is",https://x.com/SBF_FTX/status/1588847531173478401,tweet,SBF,@SBF_FTX,2,0,0,8,-,0,2022-11-05 16:25:45,,
1588847273525407744,@udiWertheimer oops,https://x.com/SBF_FTX/status/1588847273525407744,tweet,SBF,@SBF_FTX,4,1,1,30,-,0,2022-11-05 16:24:44,,
1588823156277800960,Max funding rates never really made sense to me.  If the fair rate is very negative then bounding funding rates just makes perps illiquid.,https://x.com/SBF_FTX/status/1588823156277800960,tweet,SBF,@SBF_FTX,54,3,19,316,-,7,2022-11-05 14:48:54,,
1588821957977702400,"@lex_node I once ate a grape and I

realized the tokens I like aren’t securities either

[NOT LEGAL ADVICE]",https://x.com/SBF_FTX/status/1588821957977702400,tweet,SBF,@SBF_FTX,21,1,5,89,-,3,2022-11-05 14:44:08,,
1588629522726780928,"@jay_ftx @BanklessHQ @ErikVoorhees I've read it waaay too many times

have a whole catalogue of things that are good and bad about it :P",https://x.com/SBF_FTX/status/1588629522726780928,tweet,SBF,@SBF_FTX,1,0,0,1,-,0,2022-11-05 01:59:28,,
1588596296642072576,"@TheStalwart ""value creators like oil/gas""

To some extent I agree, especially in an energy crunch, but this certainly doesn't square with the administration's rhetoric on oil and gas",https://x.com/SBF_FTX/status/1588596296642072576,tweet,SBF,@SBF_FTX,5,1,1,20,-,1,2022-11-04 23:47:26,,
1588586328828301312,@hbarsojourner @ErikVoorhees oh yeah 100% happy to do that!,https://x.com/SBF_FTX/status/1588586328828301312,tweet,SBF,@SBF_FTX,2,0,0,2,-,0,2022-11-04 23:07:49,,
1588585422086893568,We're excited to help return the assets quickly to customers,https://x.com/SBF_FTX/status/1588585422086893568,tweet,SBF,@SBF_FTX,225,49,72,649,-,10,2022-11-04 23:04:13,,
1588583956282486785,"@hbarsojourner @ErikVoorhees basically a sense of ""how reasonable, according to DC norms, is actor X being, and how much does that make me want to accommodate them?""",https://x.com/SBF_FTX/status/1588583956282486785,tweet,SBF,@SBF_FTX,3,0,0,0,-,1,2022-11-04 22:58:24,,
1588583505298325504,"@twobitidiot @ErikVoorhees oh yeah sorry 100% agree with that

I think the CT discourse on DeFi in general is super helpful

I think the specific targeting of the bill in a super public way less so (but again maybe I'm wrong!)",https://x.com/SBF_FTX/status/1588583505298325504,tweet,SBF,@SBF_FTX,6,0,1,11,-,0,2022-11-04 22:56:36,,
1588580581293846528,@robustus @ErikVoorhees hopefully we can avoid that,https://x.com/SBF_FTX/status/1588580581293846528,tweet,SBF,@SBF_FTX,2,0,0,2,-,0,2022-11-04 22:44:59,,
1588575362522353664,"@setanimals @ErikVoorhees *I* think I am!

But some others don't seem to think I am and I don't want to be presumptuous or put words in their mouth.",https://x.com/SBF_FTX/status/1588575362522353664,tweet,SBF,@SBF_FTX,4,0,0,2,-,0,2022-11-04 22:24:15,,
1588572946699759616,"@ErikVoorhees My strong instinct--as I predicted--is that this approach is in fact already predictably backfiring and causing the exact opposite reaction of what is desired.  But again, hopefully I'm wrong.",https://x.com/SBF_FTX/status/1588572946699759616,tweet,SBF,@SBF_FTX,13,0,1,21,-,0,2022-11-04 22:14:39,,
1588572750813466624,"@ErikVoorhees But it doesn't really matter what I think, it matters what you guys think, and how effective you guys are at getting your voices heard.

FWIW, word is that so far, the CT blowback has rallied *more* support on capitol hill behind regulating DeFi.  Hopefully rumors are wrong.",https://x.com/SBF_FTX/status/1588572750813466624,tweet,SBF,@SBF_FTX,9,2,0,29,-,1,2022-11-04 22:13:52,,
1588572440208150530,"@ErikVoorhees It depends on the final language, as I've said many times.

*If* the final language protects DeFi, then I'm strongly in favor of it passing this year.  If it doesn't, I'm not.

There are a few remaining language chocies that will be *very* relevant for its impact on DeFi.",https://x.com/SBF_FTX/status/1588572440208150530,tweet,SBF,@SBF_FTX,7,0,0,68,-,0,2022-11-04 22:12:38,,
1588349252664631296,"6) Annualizing this out, and netting out staking, you get something like:

Revenue: $2b
Expenses: $3.2b

Once again, the vast majority of expenses seem to be headcount--roughly 80%.

They have roughly $6b on hand.",https://x.com/SBF_FTX/status/1588349252664631296,tweet,SBF,@SBF_FTX,49,4,7,151,-,4,2022-11-04 07:25:46,,
1588349251209527298,"5) My reading of this is, roughly:

a) $145m of the difference is encumbered capital which will be returned
b) $100m or so of loss to FX moving

So something like a real loss of $400m, and a 'predictive' loss of $300m.",https://x.com/SBF_FTX/status/1588349251209527298,tweet,SBF,@SBF_FTX,23,0,3,89,-,1,2022-11-04 07:25:46,,
1588349249800273920,"4) Once again, partially ignore the staking revenue, it's likely mostly passing through to customers and offset by an expense item.

In terms of expenses and EBITDA--it's a little tricky to parse exactly.

They report $545m loss and adjusted EBITDA of $116m loss.",https://x.com/SBF_FTX/status/1588349249800273920,tweet,SBF,@SBF_FTX,2,0,4,26,-,0,2022-11-04 07:25:45,,
1588349248269357057,"3) Once again, the vast majority of their transaction revenue was retail -- around 95%.

Of their other revenue--now ~25% of their total--'interest income' is the most interesting one.  About $20m of this seems to be on Coinbase, and the other ~$80m of it from USDC.",https://x.com/SBF_FTX/status/1588349248269357057,tweet,SBF,@SBF_FTX,17,0,4,46,-,0,2022-11-04 07:25:45,,
1588349245974667265,"2) Overall, bear markets suck for retail.

Coinbase's revenue, and volume, were down a fair bit; their retail volume in particular was down ~45% quarterly.

(The flip side--lots of growth potential in the next bull market!) https://t.co/D20qtlxpPZ",https://x.com/SBF_FTX/status/1588349245974667265,tweet,SBF,@SBF_FTX,17,5,5,63,-,3,2022-11-04 07:25:44,https://pbs.twimg.com/media/Fgrv5AaWYAYSXZh.jpg,
1588349242305032192,"1) Alright alright, Coinbase 2022Q3 earnings:

https://t.co/aoE8f1XuJV

previous: https://t.co/LtSROD69kB",https://x.com/SBF_FTX/status/1588349242305032192,tweet,SBF,@SBF_FTX,58,21,23,248,-,35,2022-11-04 07:25:44,,
1588344659994374149,@HsakaTrades workin on it...,https://x.com/SBF_FTX/status/1588344659994374149,tweet,SBF,@SBF_FTX,15,0,0,151,-,1,2022-11-04 07:07:31,,
1588343796588314624,welcome!,https://x.com/SBF_FTX/status/1588343796588314624,tweet,SBF,@SBF_FTX,49,8,17,215,-,3,2022-11-04 07:04:05,,
1588302162169581568,"@Lolpual1 @BanklessHQ I totally haven't given up yet!

I'm just preemptively putting that there because if I don't people will say ""oooh but what about when you were asked about strategic tradeoffs""?

And because, frankly, I think it's important, rhetorically (though I could be wrong!)",https://x.com/SBF_FTX/status/1588302162169581568,tweet,SBF,@SBF_FTX,6,0,0,5,-,0,2022-11-04 04:18:39,,
1588296869611941889,"@Lolpual1 @BanklessHQ yeah totally agree--we should keep fighting for it

FWIW I do think that regulation can help that fight *to the extent that it provides oversight of centralized exchanges while not interfering with DeFi*, taking some heat off of the rest of the space

But depends on details",https://x.com/SBF_FTX/status/1588296869611941889,tweet,SBF,@SBF_FTX,3,1,0,4,-,0,2022-11-04 03:57:37,,
1588296455260934144,"@SirZacc @KelseyTuoc working on it!

at the end of the day that's a question for the CFTC but we've put together a margin amendment we're proud of",https://x.com/SBF_FTX/status/1588296455260934144,tweet,SBF,@SBF_FTX,6,0,0,4,-,0,2022-11-04 03:55:58,,
1588295815348785156,@RNR_0 hm yeah good question @elonmusk how much would someone have to pay per month to get out of all other monetization/have their data be private/not see any ads?,https://x.com/SBF_FTX/status/1588295815348785156,tweet,SBF,@SBF_FTX,22,2,7,100,-,2,2022-11-04 03:53:26,,
1588294753472643073,@KelseyTuoc yeah he's had a few warnings but every time we try to reassign him wendy won't stop barking,https://x.com/SBF_FTX/status/1588294753472643073,tweet,SBF,@SBF_FTX,4,0,0,6,-,0,2022-11-04 03:49:12,,
1588294606353207296,"@Lolpual1 @BanklessHQ I would too!  And I would fight against that happening.

There may come a day where we have to make a tough strategic call as a community but I hope it doesn't, and I don't know for sure what the right call there would be.",https://x.com/SBF_FTX/status/1588294606353207296,tweet,SBF,@SBF_FTX,5,0,0,7,-,0,2022-11-04 03:48:37,,
1588294130819555335,or else we hear about it the next morning from wendy https://t.co/CTf2EsRV2C,https://x.com/SBF_FTX/status/1588294130819555335,tweet,SBF,@SBF_FTX,39,7,8,94,-,0,2022-11-04 03:46:44,https://pbs.twimg.com/media/FgrBAyuXgAQ_MFL.jpg,
1588293784068132865,to be fair we have a broad top-down mandate to be positive about gopher when we write about him https://t.co/YaeqshgZhA,https://x.com/SBF_FTX/status/1588293784068132865,tweet,SBF,@SBF_FTX,48,8,7,122,-,2,2022-11-04 03:45:21,https://pbs.twimg.com/media/FgrAuAyXEAE_jK5.jpg,
1588293143375466496,"@BanklessHQ yeah it's a fuckin mess

""please send my money to xyz"", you say

""no thank you"", says your bank

...whose money is it really?",https://x.com/SBF_FTX/status/1588293143375466496,tweet,SBF,@SBF_FTX,12,2,0,46,-,0,2022-11-04 03:42:49,,
1588291904370016256,"website considers charging for services

users are outraged

""but please don't mine our data like Facebook did"", they say

boy are we entitled",https://x.com/SBF_FTX/status/1588291904370016256,tweet,SBF,@SBF_FTX,224,17,112,1404,-,14,2022-11-04 03:37:53,,
1588273481627865088,"Hello, West Africa!

XOF deposits are live.

https://t.co/sXsXgpUE5m https://t.co/cT3Lnp0TNY",https://x.com/SBF_FTX/status/1588273481627865088,tweet,SBF,@SBF_FTX,112,38,62,310,-,2,2022-11-04 02:24:41,https://pbs.twimg.com/media/FgquBUXWYAEILek.jpg,
1588235440481501185,@Orbital_Lexicon ah sorry you are correct good sir,https://x.com/SBF_FTX/status/1588235440481501185,tweet,SBF,@SBF_FTX,11,1,0,29,-,0,2022-11-03 23:53:31,,
1588216679259336705,"@daarfield yeah heh the last text referenced ""this message"" but ""this message"" itself never appeared",https://x.com/SBF_FTX/status/1588216679259336705,tweet,SBF,@SBF_FTX,3,0,0,4,-,0,2022-11-03 22:38:58,,
1588215419760173056,@TajoCrypto yup super excited for Elon to revitalize Twitter; he doesn't need us to do that!,https://x.com/SBF_FTX/status/1588215419760173056,tweet,SBF,@SBF_FTX,4,3,5,13,-,0,2022-11-03 22:33:58,,
1588214937155170305,"@crypto_bitlord7 yeah totally agree

https://t.co/Ko8HMBUkZq",https://x.com/SBF_FTX/status/1588214937155170305,tweet,SBF,@SBF_FTX,4,0,1,15,-,1,2022-11-03 22:32:03,,
1588214839788593152,@daarfield check out https://t.co/Ko8HMBUkZq,https://x.com/SBF_FTX/status/1588214839788593152,tweet,SBF,@SBF_FTX,4,2,0,6,-,2,2022-11-03 22:31:40,,
1588214802538958849,@CAD6119 looking into what we can do there!  tricky regulatory thing,https://x.com/SBF_FTX/status/1588214802538958849,tweet,SBF,@SBF_FTX,4,0,1,10,-,0,2022-11-03 22:31:31,,
1588214348870463489,@crypto_bitlord7 https://t.co/3TDado00ow,https://x.com/SBF_FTX/status/1588214348870463489,tweet,SBF,@SBF_FTX,5,0,1,15,-,0,2022-11-03 22:29:43,,
1588214209829285888,"@davekarpf heh the court records were, for some reason, missing some messages :P",https://x.com/SBF_FTX/status/1588214209829285888,tweet,SBF,@SBF_FTX,20,15,10,59,-,8,2022-11-03 22:29:09,,
1588213358679175173,"2) In some ways it mirrors https://t.co/c1B48cJpql:

a) Twitter needed a revamping of leadership, so Elon did that

b) now Twitter has strong leadership, and we're excited for Elon to execute *his* vision for it",https://x.com/SBF_FTX/status/1588213358679175173,tweet,SBF,@SBF_FTX,28,3,7,88,-,1,2022-11-03 22:25:46,,
1588213357131464704,"1) we passed on Twitter b/c it didn't seem like our strengths were what was needed for Elon's vision for Twitter

(e.g. if he wanted to do blockchain-based social media, or blockchain wallets/payments, we'd have been excited to work on that!

and who knows, maybe he still will)",https://x.com/SBF_FTX/status/1588213357131464704,tweet,SBF,@SBF_FTX,143,47,43,395,-,34,2022-11-03 22:25:46,,
1588184742519705600,@friedmandave @mayazi fwiw we're generally excited to be back-end infrastructure/etc. for things like this,https://x.com/SBF_FTX/status/1588184742519705600,tweet,SBF,@SBF_FTX,3,0,0,5,-,0,2022-11-03 20:32:04,,
1588179537694695426,"@John_CF @LucidCiC &lt;3

yup working on it -- sorry about the delays here!  We know we have to get deposits/withdrawals live soon come rain or shine",https://x.com/SBF_FTX/status/1588179537694695426,tweet,SBF,@SBF_FTX,1,0,0,4,-,0,2022-11-03 20:11:23,,
1587962684779249665,"@cardano_whale @Clintchimera ah yeah sorry I mean ""new"" as in ""not currently on FTX""",https://x.com/SBF_FTX/status/1587962684779249665,tweet,SBF,@SBF_FTX,37,3,4,131,-,0,2022-11-03 05:49:41,,
1587870996131979264,"@basedkarbon could be closing a short, thought, too!",https://x.com/SBF_FTX/status/1587870996131979264,tweet,SBF,@SBF_FTX,4,2,1,39,-,0,2022-11-02 23:45:21,,
1587853333687144448,"USE WITH CAUTION

currently only visible if you toggle on Beta UI https://t.co/lLjWDi4uSQ",https://x.com/SBF_FTX/status/1587853333687144448,tweet,SBF,@SBF_FTX,99,39,10,350,-,2,2022-11-02 22:35:10,https://pbs.twimg.com/media/FgkwLUWWYAAC1oM.jpg,
1587807351339376646,@greg16676935420 @Twitter @elonmusk answer key: choose answer #1,https://x.com/SBF_FTX/status/1587807351339376646,tweet,SBF,@SBF_FTX,10,0,0,36,-,0,2022-11-02 19:32:27,,
1587807319282286592,@greg16676935420 @Twitter @elonmusk I don't know for sure what the entrance exam is for it but here's a study guide @greg16676935420,https://x.com/SBF_FTX/status/1587807319282286592,tweet,SBF,@SBF_FTX,22,3,4,64,-,0,2022-11-02 19:32:19,,
1587806264641347585,@Clintchimera working on ADA!  It's a new blockchain which takes some time to implement but we'll be there soon,https://x.com/SBF_FTX/status/1587806264641347585,tweet,SBF,@SBF_FTX,194,61,22,399,-,4,2022-11-02 19:28:08,,
1587803952065781760,I'm planning to be there!,https://x.com/SBF_FTX/status/1587803952065781760,tweet,SBF,@SBF_FTX,46,7,11,186,-,1,2022-11-02 19:18:56,,
1587803560527421441,"The world wants to know:

@greg16676935420 would _you_ join the @Twitter board if @elonmusk asked?",https://x.com/SBF_FTX/status/1587803560527421441,tweet,SBF,@SBF_FTX,181,16,44,1265,-,9,2022-11-02 19:17:23,,
1587580433440669702,@AutismCapital 🧠🧠🧠,https://x.com/SBF_FTX/status/1587580433440669702,tweet,SBF,@SBF_FTX,7,0,0,40,-,0,2022-11-02 04:30:45,,